Requirement_ID,Requirement_Text,Relevant_Transition_ActionId_Concrete,Relevant_Transition_ActionId_Abstract,Transition_Notes,Relevant_Widget_AbstractID,Relevant_Widget_ConcreteID,Relevant_Widget_Selector,Relevant_Widget_Text,Relevant_Widget_Tag,Relevant_Widget_Href,Widget_Notes,Relevance_Type
RQ1,"Given I am on a product page, when I press on ""add cart"", then a product is added to the cart.",AC1463j4w53827315046,WA9jrcsp213559089499,,WA9jrcsp213559089499,WC1n00uso2c595675132,#btn-add-to-cart,Add to cart,button,,,Linked
RQ1,"Given I am on a product page, when I press on ""add cart"", then a product is added to the cart.",ACw15i5153882498140,WA9jrcsp213559089499,,WA9jrcsp213559089499,WC1n00uso2c595675132,#btn-add-to-cart,Add to cart,button,,,Linked
RQ1,"Given I am on a product page, when I press on ""add cart"", then a product is added to the cart.",AC1rev1pj541497280386,WA9jrcsp213559089499,,WA9jrcsp213559089499,WC1n00uso2c595675132,#btn-add-to-cart,Add to cart,button,,,Linked
RQ1,"Given I am on a product page, when I press on ""add cart"", then a product is added to the cart.",,,,WA9jrcsp213559089499,WCzpk3k72c51795654763,#btn-add-to-cart,Add to cart,button,,,Functional
RQ1,"Given I am on a product page, when I press on ""add cart"", then a product is added to the cart.",,,,WA9jrcsp213559089499,WC1ygxs9v2c51548671438,#btn-add-to-cart,Add to cart,button,,,Functional
RQ1,"Given I am on a product page, when I press on ""add cart"", then a product is added to the cart.",,,,WA9jrcsp213559089499,WC15uub9s2c53203855571,#btn-add-to-cart,Add to cart,button,,,Functional
RQ1,"Given I am on a product page, when I press on ""add cart"", then a product is added to the cart.",,,,WA9jrcsp213559089499,WC5l3y0c2c52147031908,#btn-add-to-cart,Add to cart,button,,,Functional
RQ1,"Given I am on a product page, when I press on ""add cart"", then a product is added to the cart.",,,,WA9jrcsp213559089499,WCew56bg2c54284504220,#btn-add-to-cart,Add to cart,button,,,Functional
RQ2,"Given I am viewing a product, when I enter a specific numerical amount, then exactly that specified quantity is prepared to be added to my cart.",AC1j21qbu591740490656,WA12j7c4d453635301283,,WA12j7c4d453635301283,WC1b3ws882d03236438283,#quantity-input,,input,,,Linked
RQ2,"Given I am viewing a product, when I enter a specific numerical amount, then exactly that specified quantity is prepared to be added to my cart.",AC1ideoa85c3652274887,WA12j7c4d453635301283,,WA12j7c4d453635301283,WC1b3ws882d03236438283,#quantity-input,,input,,,Linked
RQ2,"Given I am viewing a product, when I enter a specific numerical amount, then exactly that specified quantity is prepared to be added to my cart.",AC1turcgo591624267065,WA12j7c4d453635301283,,WA12j7c4d453635301283,WC1b3ws882d03236438283,#quantity-input,,input,,,Linked
RQ2,"Given I am viewing a product, when I enter a specific numerical amount, then exactly that specified quantity is prepared to be added to my cart.",AC1qkj5mt581061516888,WA12j7c4d453635301283,,WA12j7c4d453635301283,WC1b3ws882d03236438283,#quantity-input,,input,,,Linked
RQ2,"Given I am viewing a product, when I enter a specific numerical amount, then exactly that specified quantity is prepared to be added to my cart.",AC1s64km7521711600430,WA12j7c4d453635301283,,WA12j7c4d453635301283,WC1b3ws882d03236438283,#quantity-input,,input,,,Linked
RQ2,"Given I am viewing a product, when I enter a specific numerical amount, then exactly that specified quantity is prepared to be added to my cart.",AC1n0j48a5b1532100879,WA12j7c4f45835579542,,WA12j7c4f45835579542,WC132sjca2d02805415831,#quantity-input,,input,,,Linked
RQ2,"Given I am viewing a product, when I enter a specific numerical amount, then exactly that specified quantity is prepared to be added to my cart.",ACnlna2e592457800702,WA12j7c4e452947119925,,WA12j7c4e452947119925,WC7ksmsp2d03518145585,#quantity-input,,input,,,Linked
RQ2,"Given I am viewing a product, when I enter a specific numerical amount, then exactly that specified quantity is prepared to be added to my cart.",AC12w98cn51338624355,WA12j7c4c451101470233,,WA12j7c4c451101470233,WCflwvon2d04077366853,#quantity-input,,input,,,Linked
RQ2,"Given I am viewing a product, when I enter a specific numerical amount, then exactly that specified quantity is prepared to be added to my cart.",AC1l2nrc05a3176418294,WA12j7c4c451101470233,,WA12j7c4c451101470233,WCflwvon2d04077366853,#quantity-input,,input,,,Linked
RQ2,"Given I am viewing a product, when I enter a specific numerical amount, then exactly that specified quantity is prepared to be added to my cart.",ACcd8lbo5b1764233625,WA12j7c4c451101470233,,WA12j7c4c451101470233,WCflwvon2d04077366853,#quantity-input,,input,,,Linked
RQ2,"Given I am viewing a product, when I enter a specific numerical amount, then exactly that specified quantity is prepared to be added to my cart.",ACdqi1zs502976490134,WA12j7c4c451101470233,,WA12j7c4c451101470233,WCflwvon2d04077366853,#quantity-input,,input,,,Linked
RQ2,"Given I am viewing a product, when I enter a specific numerical amount, then exactly that specified quantity is prepared to be added to my cart.",ACpxfi5q5b3465524516,WA12j7c4c451101470233,,WA12j7c4c451101470233,WCflwvon2d04077366853,#quantity-input,,input,,,Linked
RQ2,"Given I am viewing a product, when I enter a specific numerical amount, then exactly that specified quantity is prepared to be added to my cart.",ACdcn4kh5b3100411133,WA12j7c4c451101470233,,WA12j7c4c451101470233,WCflwvon2d04077366853,#quantity-input,,input,,,Linked
RQ3,"Given I have a quantity greater than one selected for a product, when I choose to decrease the quantity, then the number of products to be added to my cart is reduced.",AC1n0j48a5b1532100879,WA12j7c4f45835579542,,WA12j7c4f45835579542,WC132sjca2d02805415831,#quantity-input,,input,,,Linked
RQ3,"Given I have a quantity greater than one selected for a product, when I choose to decrease the quantity, then the number of products to be added to my cart is reduced.",ACnlna2e592457800702,WA12j7c4e452947119925,,WA12j7c4e452947119925,WC7ksmsp2d03518145585,#quantity-input,,input,,,Linked
RQ3,"Given I have a quantity greater than one selected for a product, when I choose to decrease the quantity, then the number of products to be added to my cart is reduced.",AC1j21qbu591740490656,WA12j7c4d453635301283,,WA12j7c4d453635301283,WC1b3ws882d03236438283,#quantity-input,,input,,,Linked
RQ3,"Given I have a quantity greater than one selected for a product, when I choose to decrease the quantity, then the number of products to be added to my cart is reduced.",AC1turcgo591624267065,WA12j7c4d453635301283,,WA12j7c4d453635301283,WC1b3ws882d03236438283,#quantity-input,,input,,,Linked
RQ3,"Given I have a quantity greater than one selected for a product, when I choose to decrease the quantity, then the number of products to be added to my cart is reduced.",AC1qkj5mt581061516888,WA12j7c4d453635301283,,WA12j7c4d453635301283,WC1b3ws882d03236438283,#quantity-input,,input,,,Linked
RQ4,"Given I am logged in and I am on a product page, when I press on ""favorites"", then the product will be added to my favorites.",AC166v8375a8879885,WAt7bm21261186730378,,WAt7bm21261186730378,WCa0a8wr2dc2991823280,#btn-add-to-favorites,Add to favourites,button,,,Linked
RQ4,"Given I am logged in and I am on a product page, when I press on ""favorites"", then the product will be added to my favorites.",,,,WAt7bm21261186730378,WC1u9wa8r2dc312669415,#btn-add-to-favorites,Add to favourites,button,,,Functional
RQ4,"Given I am logged in and I am on a product page, when I press on ""favorites"", then the product will be added to my favorites.",,,,WAt7bm21261186730378,WC1ci9cvr2dc1192607208,#btn-add-to-favorites,Add to favourites,button,,,Functional
RQ4,"Given I am logged in and I am on a product page, when I press on ""favorites"", then the product will be added to my favorites.",,,,WAt7bm21261186730378,WC1ungwp02dc708356094,#btn-add-to-favorites,Add to favourites,button,,,Functional
RQ4,"Given I am logged in and I am on a product page, when I press on ""favorites"", then the product will be added to my favorites.",,,,WAt7bm21261186730378,WCy4byow2dc1154774556,#btn-add-to-favorites,Add to favourites,button,,,Functional
RQ4,"Given I am logged in and I am on a product page, when I press on ""favorites"", then the product will be added to my favorites.",,,,WAt7bm21261186730378,WCjl82sf2dc9844006,#btn-add-to-favorites,Add to favourites,button,,,Functional
RQ5,"Given I am not logged in and I am on a product page, when I press on ""add to favorites"", then I receive an error stating ""Unauthorized, can not add product to your favorite list."".",AC15ed34m5a2014346662,WAt7bm21261186730378,,WAt7bm21261186730378,WCa0a8wr2dc2991823280,#btn-add-to-favorites,Add to favourites,button,,,Linked
RQ5,"Given I am not logged in and I am on a product page, when I press on ""add to favorites"", then I receive an error stating ""Unauthorized, can not add product to your favorite list."".",,,,WAt7bm21261186730378,WC1u9wa8r2dc312669415,#btn-add-to-favorites,Add to favourites,button,,,Functional
RQ5,"Given I am not logged in and I am on a product page, when I press on ""add to favorites"", then I receive an error stating ""Unauthorized, can not add product to your favorite list."".",,,,WAt7bm21261186730378,WC1ci9cvr2dc1192607208,#btn-add-to-favorites,Add to favourites,button,,,Functional
RQ5,"Given I am not logged in and I am on a product page, when I press on ""add to favorites"", then I receive an error stating ""Unauthorized, can not add product to your favorite list."".",,,,WAt7bm21261186730378,WC1ungwp02dc708356094,#btn-add-to-favorites,Add to favourites,button,,,Functional
RQ5,"Given I am not logged in and I am on a product page, when I press on ""add to favorites"", then I receive an error stating ""Unauthorized, can not add product to your favorite list."".",,,,WAt7bm21261186730378,WCy4byow2dc1154774556,#btn-add-to-favorites,Add to favourites,button,,,Functional
RQ5,"Given I am not logged in and I am on a product page, when I press on ""add to favorites"", then I receive an error stating ""Unauthorized, can not add product to your favorite list."".",,,,WAt7bm21261186730378,WCjl82sf2dc9844006,#btn-add-to-favorites,Add to favourites,button,,,Functional
RQ6,"Given I am viewing a list of products, when I select the alphabetical sorting option, then the products are ordered from A to Z.",ACkj54z2753260691934,WAvis79x1134313057,,WAvis79x1134313057,WCh51rr293502424761,.form-select,,select,,,Linked
RQ6,"Given I am viewing a list of products, when I select the alphabetical sorting option, then the products are ordered from A to Z.",,,,WAvis79x1134313057,WCyqu7jw2932019932902,.form-select,,select,,,Functional
RQ6,"Given I am viewing a list of products, when I select the alphabetical sorting option, then the products are ordered from A to Z.",,,,WA91nokya1596131791,WC1l27iyo29d2720921442,:root > :nth-child(2) > :nth-child(1) > :nth-child(3) > :nth-child(2) > :nth-child(3) > :nth-child(2) > :nth-child(3) > :nth-child(1) > :nth-child(1) > :nth-child(2),Nom (A - Z),option,,,Functional
RQ6,"Given I am viewing a list of products, when I select the alphabetical sorting option, then the products are ordered from A to Z.",,,,WA91nokya1596131791,WCi87fgy29f3175556091,:root > :nth-child(2) > :nth-child(1) > :nth-child(3) > :nth-child(2) > :nth-child(3) > :nth-child(2) > :nth-child(3) > :nth-child(1) > :nth-child(1) > :nth-child(2),Name (A - Z),option,,,Functional
RQ7,"Given I am viewing a list of products, when I select the price sorting option, then the products are ordered sequentially by cost.",AC1if3x9a762618761389,WA1m3a8it193372485225,,WA1m3a8it193372485225,WCarv0x329b146958579,.form-select,,select,,,Linked
RQ7,"Given I am viewing a list of products, when I select the price sorting option, then the products are ordered sequentially by cost.",,,,WAcjhdnwb3504379125,WCuvoeyx2ac1407617521,:root > :nth-child(2) > :nth-child(1) > :nth-child(3) > :nth-child(2) > :nth-child(3) > :nth-child(2) > :nth-child(3) > :nth-child(1) > :nth-child(1) > :nth-child(5),Price (Low - High),option,,,Functional
RQ7,"Given I am viewing a list of products, when I select the price sorting option, then the products are ordered sequentially by cost.",,,,WAcjhdnwb3504379125,WCkdymfz2ac4207763189,:root > :nth-child(2) > :nth-child(1) > :nth-child(3) > :nth-child(2) > :nth-child(3) > :nth-child(2) > :nth-child(3) > :nth-child(1) > :nth-child(1) > :nth-child(5),Prix (Bas - Élevé),option,,,Functional
RQ7,"Given I am viewing a list of products, when I select the price sorting option, then the products are ordered sequentially by cost.",,,,WAcjhdnwb3504379125,WCzvwzz52b468676726,:root > :nth-child(2) > :nth-child(1) > :nth-child(3) > :nth-child(2) > :nth-child(3) > :nth-child(2) > :nth-child(3) > :nth-child(1) > :nth-child(1) > :nth-child(5),Preis (Niedrig - Hoch),option,,,Functional
RQ7,"Given I am viewing a list of products, when I select the price sorting option, then the products are ordered sequentially by cost.",,,,WAxmg4qec2919826633,WCwfcw9i2ad2478749624,:root > :nth-child(2) > :nth-child(1) > :nth-child(3) > :nth-child(2) > :nth-child(3) > :nth-child(2) > :nth-child(3) > :nth-child(1) > :nth-child(1) > :nth-child(4),Price (High - Low),option,,,Functional
RQ7,"Given I am viewing a list of products, when I select the price sorting option, then the products are ordered sequentially by cost.",,,,WAxmg4qec2919826633,WC1yvrouc2ad3216125864,:root > :nth-child(2) > :nth-child(1) > :nth-child(3) > :nth-child(2) > :nth-child(3) > :nth-child(2) > :nth-child(3) > :nth-child(1) > :nth-child(1) > :nth-child(4),Prix (Élevé - Bas),option,,,Functional
RQ7,"Given I am viewing a list of products, when I select the price sorting option, then the products are ordered sequentially by cost.",,,,WAxmg4qec2919826633,WC1o77pbq2b53950891452,:root > :nth-child(2) > :nth-child(1) > :nth-child(3) > :nth-child(2) > :nth-child(3) > :nth-child(2) > :nth-child(3) > :nth-child(1) > :nth-child(1) > :nth-child(4),Preis (Hoch - Niedrig),option,,,Functional
RQ8,"Given I am viewing a list of products, when I select the sustainability sorting option, then the products are ordered based on how sustainably they are made.",AC1wy13eg781874618015,WAzyj4i81f1870657947,,WAzyj4i81f1870657947,WCvzvi1o2a14224253542,.form-select,,select,,,Linked
RQ8,"Given I am viewing a list of products, when I select the sustainability sorting option, then the products are ordered based on how sustainably they are made.",AC1mwu8g4783988085059,WAzyj4i81f1870657947,,WAzyj4i81f1870657947,WCvzvi1o2a14224253542,.form-select,,select,,,Linked
RQ8,"Given I am viewing a list of products, when I select the sustainability sorting option, then the products are ordered based on how sustainably they are made.",AC1qxgn09783668841099,WAzyj4i81f1870657947,,WAzyj4i81f1870657947,WCvzvi1o2a14224253542,.form-select,,select,,,Linked
RQ8,"Given I am viewing a list of products, when I select the sustainability sorting option, then the products are ordered based on how sustainably they are made.",AC7na4bk783888267690,WAzyj4i81f1870657947,,WAzyj4i81f1870657947,WCvzvi1o2a14224253542,.form-select,,select,,,Linked
RQ8,"Given I am viewing a list of products, when I select the sustainability sorting option, then the products are ordered based on how sustainably they are made.",AC1xvusxg784101985970,WAzyj4i81f1870657947,,WAzyj4i81f1870657947,WCvzvi1o2a14224253542,.form-select,,select,,,Linked
RQ8,"Given I am viewing a list of products, when I select the sustainability sorting option, then the products are ordered based on how sustainably they are made.",ACoceaim781835311960,WAzyj4i81f1870657947,,WAzyj4i81f1870657947,WCvzvi1o2a14224253542,.form-select,,select,,,Linked
RQ8,"Given I am viewing a list of products, when I select the sustainability sorting option, then the products are ordered based on how sustainably they are made.",ACbxv2qb782260967016,WAzyj4i81f1870657947,,WAzyj4i81f1870657947,WCvzvi1o2a14224253542,.form-select,,select,,,Linked
RQ8,"Given I am viewing a list of products, when I select the sustainability sorting option, then the products are ordered based on how sustainably they are made.",ACiha1xc77858228516,WA15ajec91a4022580523,,WA15ajec91a4022580523,WC1tbz5x129c915527802,.form-select,,select,,,Linked
RQ8,"Given I am viewing a list of products, when I select the sustainability sorting option, then the products are ordered based on how sustainably they are made.",AC1whuxr0751157157940,WAvis79x1134313057,,WAvis79x1134313057,WCh51rr293502424761,.form-select,,select,,,Linked
RQ8,"Given I am viewing a list of products, when I select the sustainability sorting option, then the products are ordered based on how sustainably they are made.",ACfpq8m4783634575064,WA1d9tp3m2079484923,,WA1d9tp3m2079484923,WC1i38i3g2a23875261256,.form-select,,select,,,Linked
RQ8,"Given I am viewing a list of products, when I select the sustainability sorting option, then the products are ordered based on how sustainably they are made.",AC1elckb979968758838,WA1d9tp3m2079484923,,WA1d9tp3m2079484923,WC1i38i3g2a23875261256,.form-select,,select,,,Linked
RQ8,"Given I am viewing a list of products, when I select the sustainability sorting option, then the products are ordered based on how sustainably they are made.",,,,WA1n6900t10601956989,WC19x7h7f2b13817845899,:root > :nth-child(2) > :nth-child(1) > :nth-child(3) > :nth-child(2) > :nth-child(3) > :nth-child(2) > :nth-child(3) > :nth-child(1) > :nth-child(1) > :nth-child(6),CO₂ Rating (A - E),option,,,Functional
RQ8,"Given I am viewing a list of products, when I select the sustainability sorting option, then the products are ordered based on how sustainably they are made.",,,,WA1n6900t10601956989,WC7gbbvt2b91991552798,:root > :nth-child(2) > :nth-child(1) > :nth-child(3) > :nth-child(2) > :nth-child(3) > :nth-child(2) > :nth-child(3) > :nth-child(1) > :nth-child(1) > :nth-child(6),Évaluation CO₂ (A - E),option,,,Functional
RQ8,"Given I am viewing a list of products, when I select the sustainability sorting option, then the products are ordered based on how sustainably they are made.",,,,WA1n6900t10601956989,WCibjxjb2b71279555840,:root > :nth-child(2) > :nth-child(1) > :nth-child(3) > :nth-child(2) > :nth-child(3) > :nth-child(2) > :nth-child(3) > :nth-child(1) > :nth-child(1) > :nth-child(6),CO₂-Bewertung (A - E),option,,,Functional
RQ8,"Given I am viewing a list of products, when I select the sustainability sorting option, then the products are ordered based on how sustainably they are made.",,,,WA1mlzacl111301876333,WCq1l6so2b24170932814,:root > :nth-child(2) > :nth-child(1) > :nth-child(3) > :nth-child(2) > :nth-child(3) > :nth-child(2) > :nth-child(3) > :nth-child(1) > :nth-child(1) > :nth-child(7),CO₂ Rating (E - A),option,,,Functional
RQ8,"Given I am viewing a list of products, when I select the sustainability sorting option, then the products are ordered based on how sustainably they are made.",,,,WA1mlzacl111301876333,WCwnm53u2ba2397477966,:root > :nth-child(2) > :nth-child(1) > :nth-child(3) > :nth-child(2) > :nth-child(3) > :nth-child(2) > :nth-child(3) > :nth-child(1) > :nth-child(1) > :nth-child(7),Évaluation CO₂ (E - A),option,,,Functional
RQ8,"Given I am viewing a list of products, when I select the sustainability sorting option, then the products are ordered based on how sustainably they are made.",,,,WA1mlzacl111301876333,WC5q4yws2b82958630557,:root > :nth-child(2) > :nth-child(1) > :nth-child(3) > :nth-child(2) > :nth-child(3) > :nth-child(2) > :nth-child(3) > :nth-child(1) > :nth-child(1) > :nth-child(7),CO₂-Bewertung (E - A),option,,,Functional
RQ9,"Given I am viewing a product catalog, when I select a specific brand from the filters, then only products manufactured by that brand are displayed.",ACgitom975195984013,WAfg59a7221611376559,,WAfg59a7221611376559,WC1fygaop2c42607507393,[data-test='brand-01KKW0AA8D9TGKPMQXH4XRHPRW'],,input,,,Linked
RQ9,"Given I am viewing a product catalog, when I select a specific brand from the filters, then only products manufactured by that brand are displayed.",,,,WAfg59a7221611376559,WC12xj48u2c4878210117,[data-test='brand-01KKW0AA8D9TGKPMQXH4XRHPRW'],,input,,,Functional
RQ9,"Given I am viewing a product catalog, when I select a specific brand from the filters, then only products manufactured by that brand are displayed.",,,,WAfg59a7221611376559,WC1kw1nir2c4978139924,[data-test='brand-01KKW0AA8D9TGKPMQXH4XRHPRW'],,input,,,Functional
RQ9,"Given I am viewing a product catalog, when I select a specific brand from the filters, then only products manufactured by that brand are displayed.",ACthhtmo742570583603,WAfg59a8224038375998,,WAfg59a8224038375998,WC1xhrmyq2c4142580074,[data-test='brand-01KKW0AA8D9TGKPMQXH4XRHPRX'],,input,,,Linked
RQ9,"Given I am viewing a product catalog, when I select a specific brand from the filters, then only products manufactured by that brand are displayed.",,,,WAfg59a8224038375998,WCw0b4oq2c41515482791,[data-test='brand-01KKW0AA8D9TGKPMQXH4XRHPRX'],,input,,,Functional
RQ9,"Given I am viewing a product catalog, when I select a specific brand from the filters, then only products manufactured by that brand are displayed.",,,,WAfg59a8224038375998,WCiqkxsq2c4300640245,[data-test='brand-01KKW0AA8D9TGKPMQXH4XRHPRX'],,input,,,Functional
RQ10,"Given I am viewing a product catalog, when I apply the sustainability filter, then only products verified as eco-friendly are displayed.",ACeque3r5d2544830363,WAhs7kya4060406350,,WAhs7kya4060406350,WC1w9fwo22b42478789830,[name='eco_friendly'],,input,,,Linked
RQ10,"Given I am viewing a product catalog, when I apply the sustainability filter, then only products verified as eco-friendly are displayed.",AC1p3fs094c3433601236,WAhs7kya4060406350,,WAhs7kya4060406350,WCt5qw6a2b42728422704,[name='eco_friendly'],,input,,,Linked
RQ10,"Given I am viewing a product catalog, when I apply the sustainability filter, then only products verified as eco-friendly are displayed.",AC1p84gp74c2265529026,WAhs7kya4060406350,,WAhs7kya4060406350,WCt5qw6a2b42728422704,[name='eco_friendly'],,input,,,Linked
RQ10,"Given I am viewing a product catalog, when I apply the sustainability filter, then only products verified as eco-friendly are displayed.",,,,WAhs7kya4060406350,WC754n12b4224705708,[name='eco_friendly'],,input,,,Functional
RQ10,"Given I am viewing a product catalog, when I apply the sustainability filter, then only products verified as eco-friendly are displayed.",,,,WAhs7kya4060406350,WCu81pgm2b43063877649,[name='eco_friendly'],,input,,,Functional
RQ10,"Given I am viewing a product catalog, when I apply the sustainability filter, then only products verified as eco-friendly are displayed.",,,,WAhs7kya4060406350,WC17jbabs2b41453906605,[name='eco_friendly'],,input,,,Functional
RQ10,"Given I am viewing a product catalog, when I apply the sustainability filter, then only products verified as eco-friendly are displayed.",,,,WAhs7kya4060406350,WC1jc36072b42621613208,[name='eco_friendly'],,input,,,Functional
RQ11,"Given I am navigating the product catalog, when I select a specific product category filter, then only items belonging to that category are shown.",AC1cvpbhl742826595332,WA1nti3oe222539222172,,WA1nti3oe222539222172,WC8x22002d34194973122,[data-test='category-01KKW0AANQ998HF358T06VT13X'],,input,,,Linked
RQ11,"Given I am navigating the product catalog, when I select a specific product category filter, then only items belonging to that category are shown.",,,,WA1nti3oe222539222172,WC1t6bwi2d3958390991,[data-test='category-01KKW0AANQ998HF358T06VT13X'],,input,,,Functional
RQ11,"Given I am navigating the product catalog, when I select a specific product category filter, then only items belonging to that category are shown.",,,,WA1nti3oe222539222172,WC1tnqyyq2d3941744926,[data-test='category-01KKW0AANQ998HF358T06VT13X'],,input,,,Functional
RQ11,"Given I am navigating the product catalog, when I select a specific product category filter, then only items belonging to that category are shown.",AC16ngt11631809283418,WA1mz6clo221991206881,,WA1mz6clo221991206881,WCea5vd62ca3326495594,[data-test='category-01KKW0AAN036SAE6P0DVWWHCV4'],,input,,,Linked
RQ11,"Given I am navigating the product catalog, when I select a specific product category filter, then only items belonging to that category are shown.",,,,WA1mz6clo221991206881,WCkm2lhm2c81707712935,[data-test='category-01KKW0AAN036SAE6P0DVWWHCV4'],,input,,,Functional
RQ11,"Given I am navigating the product catalog, when I select a specific product category filter, then only items belonging to that category are shown.",,,,WA1mz6clo221991206881,WC778gn82c92067311032,[data-test='category-01KKW0AAN036SAE6P0DVWWHCV4'],,input,,,Functional
RQ12,"Given I am on any page within the website, when I trigger the homepage link, then I am immediately redirected to the main homepage.",ACcwhy444a1073006927,WA1d577mz132422608066,,WA1d577mz132422608066,WC1gvd94s2932005023967,.nav-link.active,Home,a,/,,Linked
RQ12,"Given I am on any page within the website, when I trigger the homepage link, then I am immediately redirected to the main homepage.",ACf7csmq4a171681724,WA1d577mz132422608066,,WA1d577mz132422608066,WC1gvd94s2932005023967,.nav-link.active,Home,a,/,,Linked
RQ12,"Given I am on any page within the website, when I trigger the homepage link, then I am immediately redirected to the main homepage.",AC1sbdjo0492266899214,WA1d577mz132422608066,,WA1d577mz132422608066,WC1gvd94s2932005023967,.nav-link.active,Home,a,/,,Linked
RQ12,"Given I am on any page within the website, when I trigger the homepage link, then I am immediately redirected to the main homepage.",ACy5saf2491319296891,WA1d577mz132422608066,,WA1d577mz132422608066,WC1gvd94s2932005023967,.nav-link.active,Home,a,/,,Linked
RQ12,"Given I am on any page within the website, when I trigger the homepage link, then I am immediately redirected to the main homepage.",AC143iye24a274926671,WA1d577mz132422608066,,WA1d577mz132422608066,WC1gvd94s2932005023967,.nav-link.active,Home,a,/,,Linked
RQ12,"Given I am on any page within the website, when I trigger the homepage link, then I am immediately redirected to the main homepage.",ACv4tqau494255262021,WA1d577mz132422608066,,WA1d577mz132422608066,WC1kjlva6293682906658,.active,Home,a,/,,Linked
RQ12,"Given I am on any page within the website, when I trigger the homepage link, then I am immediately redirected to the main homepage.",,,,WA1d577mz132422608066,WC19oxfqi2932407199309,.nav-link.active,Home,a,/,,Functional
RQ12,"Given I am on any page within the website, when I trigger the homepage link, then I am immediately redirected to the main homepage.",,,,WA1d577mz132422608066,WC2ubg2i29314146014,.nav-link.active,Home,a,/,,Functional
RQ12,"Given I am on any page within the website, when I trigger the homepage link, then I am immediately redirected to the main homepage.",,,,WA1d577mz132422608066,WCzr8dzu2934160021619,.active,Home,a,/,,Functional
RQ12,"Given I am on any page within the website, when I trigger the homepage link, then I am immediately redirected to the main homepage.",,,,WA1d577mz132422608066,WC170k4tq2993913776662,.nav-link.active,Accueil,a,/,,Functional
RQ12,"Given I am on any page within the website, when I trigger the homepage link, then I am immediately redirected to the main homepage.",,,,WA1d577mz132422608066,WCsvbfk12952011276853,.nav-link.active,Start,a,/,,Functional
RQ12,"Given I am on any page within the website, when I trigger the homepage link, then I am immediately redirected to the main homepage.",,,,WA1d577mz132422608066,WC8p9nzr2931279439824,.active,Home,a,/,,Functional
RQ12,"Given I am on any page within the website, when I trigger the homepage link, then I am immediately redirected to the main homepage.",,,,WA1d577mz132422608066,WCwqv2va2931553776674,.nav-link.active,Home,a,/,,Functional
RQ12,"Given I am on any page within the website, when I trigger the homepage link, then I am immediately redirected to the main homepage.",,,,WA1d577mz132422608066,WCb8dm8w293857105036,.active,Home,a,/,,Functional
RQ12,"Given I am on any page within the website, when I trigger the homepage link, then I am immediately redirected to the main homepage.",ACzn4jiu672125609755,WA1k6dimvf2619552345,,WA1k6dimvf2619552345,WCf1wxt62a1643022648,.navbar-brand,,a,/,,Linked
RQ12,"Given I am on any page within the website, when I trigger the homepage link, then I am immediately redirected to the main homepage.",AC112pcuj672768934219,WA1k6dimvf2619552345,,WA1k6dimvf2619552345,WCf1wxt62a1643022648,.navbar-brand,,a,/,,Linked
RQ12,"Given I am on any page within the website, when I trigger the homepage link, then I am immediately redirected to the main homepage.",AC1h61wy5681285808556,WA1k6dimvf2619552345,,WA1k6dimvf2619552345,WCf1wxt62a1643022648,.navbar-brand,,a,/,,Linked
RQ12,"Given I am on any page within the website, when I trigger the homepage link, then I am immediately redirected to the main homepage.",,,,WA1k6dimvf2619552345,WClmqs7l2a2864826390,.navbar-brand,,a,/,,Functional
RQ12,"Given I am on any page within the website, when I trigger the homepage link, then I am immediately redirected to the main homepage.",,,,WA1k6dimvf2619552345,WC1bjj89d2a23557828889,.navbar-brand,,a,/,,Functional
RQ12,"Given I am on any page within the website, when I trigger the homepage link, then I am immediately redirected to the main homepage.",,,,WA1k6dimvf2619552345,WCcilhnx2a1721198562,.navbar-brand,,a,/,,Functional
RQ13,"Given that the customer is interested in a product listed in the home page, when the customer clicks on the product photo, then the product detail page is loaded.",ACoc1vfv5b49702886,WAwqlje5292902377438,,WAwqlje5292902377438,WC1r6x9fm2c2753504013,[data-test='product-01KKVWWDB7A3A4KYB5M1G8YG6Y'],,a,/product/01KKVWWDB7A3A4KYB5M1G8YG6Y,,Linked
RQ13,"Given that the customer is interested in a product listed in the home page, when the customer clicks on the product photo, then the product detail page is loaded.",,,,WAxl34r1142006824629,WC1cqjd632b62018155311,[alt='Pliers'],,img,,,Functional
RQ13,"Given that the customer is interested in a product listed in the home page, when the customer clicks on the product photo, then the product detail page is loaded.",,,,WAxl34r1142006824629,WC1a1dafr2b656284209,[alt='Pliers'],,img,,,Functional
RQ13,"Given that the customer is interested in a product listed in the home page, when the customer clicks on the product photo, then the product detail page is loaded.",,,,WAxl34r1142006824629,WCd8qfcf2b51206700403,[alt='Pliers'],,img,,,Functional
RQ13,"Given that the customer is interested in a product listed in the home page, when the customer clicks on the product photo, then the product detail page is loaded.",,,,WAxl34r1142006824629,WCbfocd02b53003523403,[alt='Pliers'],,img,,,Functional
RQ13,"Given that the customer is interested in a product listed in the home page, when the customer clicks on the product photo, then the product detail page is loaded.",ACd8npck642224052581,WA14b0dxg294242947743,,WA14b0dxg294242947743,WC1rz6jo82c22229352633,[data-test='product-01KKW0AAPPEVTSK14PK8T21D4Q'],,a,/product/01KKW0AAPPEVTSK14PK8T21D4Q,Not in widget tree,Orphan-Action
RQ13,"Given that the customer is interested in a product listed in the home page, when the customer clicks on the product photo, then the product detail page is loaded.",,,,WA14b0dxg294242947743,WCntm50e2c22294161092,[data-test='product-01KKW0AAPPEVTSK14PK8T21D4Q'],,a,/product/01KKW0AAPPEVTSK14PK8T21D4Q,,Functional
RQ13,"Given that the customer is interested in a product listed in the home page, when the customer clicks on the product photo, then the product detail page is loaded.",,,,WAdnso7y20933259610,WC19mkdpi2c22819280062,[alt='Combination\\ Pliers'],,img,,,Functional
RQ13,"Given that the customer is interested in a product listed in the home page, when the customer clicks on the product photo, then the product detail page is loaded.",,,,WAdnso7y20933259610,WC1ltfsbe2c23506740774,[alt='Combination\\ Pliers'],,img,,,Functional
RQ13,"Given that the customer is interested in a product listed in the home page, when the customer clicks on the product photo, then the product detail page is loaded.",,,,WAdnso7y20933259610,WCbpyybi2c14081403783,[alt='Combination\\ Pliers'],,img,,,Functional
RQ13,"Given that the customer is interested in a product listed in the home page, when the customer clicks on the product photo, then the product detail page is loaded.",AC1cfjbp062348630708,WAw8q9rf29567058991,,WAw8q9rf29567058991,WCq2bw8w2c21859567817,[data-test='product-01KKW0AARK9M3AW573V123JVSJ'],,a,/product/01KKW0AARK9M3AW573V123JVSJ,,Linked
RQ13,"Given that the customer is interested in a product listed in the home page, when the customer clicks on the product photo, then the product detail page is loaded.",,,,WAw8q9rf29567058991,WC168kzo72c21648874216,[data-test='product-01KKW0AARK9M3AW573V123JVSJ'],,a,/product/01KKW0AARK9M3AW573V123JVSJ,,Functional
RQ13,"Given that the customer is interested in a product listed in the home page, when the customer clicks on the product photo, then the product detail page is loaded.",,,,WAw8q9rf29567058991,WC1s7ntzk2c21575986816,[data-test='product-01KKW0AARK9M3AW573V123JVSJ'],,a,/product/01KKW0AARK9M3AW573V123JVSJ,,Functional
RQ13,"Given that the customer is interested in a product listed in the home page, when the customer clicks on the product photo, then the product detail page is loaded.",,,,WA1x61pca164024574366,WCifx38m2b5444897302,[alt='Wood\\ Saw'],,img,,,Functional
RQ13,"Given that the customer is interested in a product listed in the home page, when the customer clicks on the product photo, then the product detail page is loaded.",,,,WA1x61pca164024574366,WC8h7cv32b52080072473,[alt='Wood\\ Saw'],,img,,,Functional
RQ13,"Given that the customer is interested in a product listed in the home page, when the customer clicks on the product photo, then the product detail page is loaded.",,,,WA1x61pca164024574366,WCoh0rvf2b51013105987,[alt='Wood\\ Saw'],,img,,,Functional
RQ13,"Given that the customer is interested in a product listed in the home page, when the customer clicks on the product photo, then the product detail page is loaded.",,,,WA1x61pca164024574366,WCd1afcb2b41056521907,[alt='Wood\\ Saw'],,img,,,Functional
RQ13,"Given that the customer is interested in a product listed in the home page, when the customer clicks on the product photo, then the product detail page is loaded.",AC40bmc641164295624,WA1thuvrt292753253641,,WA1thuvrt292753253641,WCgsm0hi2c23152670431,[data-test='product-01KKW0AASP7KM4G40HFR49BMG0'],,a,/product/01KKW0AASP7KM4G40HFR49BMG0,,Linked
RQ13,"Given that the customer is interested in a product listed in the home page, when the customer clicks on the product photo, then the product detail page is loaded.",,,,WA1thuvrt292753253641,WC8fncjs2c23375510425,[href='\\/product\\/01KKW0AASP7KM4G40HFR49BMG0'],,a,/product/01KKW0AASP7KM4G40HFR49BMG0,,Functional
RQ13,"Given that the customer is interested in a product listed in the home page, when the customer clicks on the product photo, then the product detail page is loaded.",,,,WA1thuvrt292753253641,WC1a75cnx2c21802273299,[data-test='product-01KKW0AASP7KM4G40HFR49BMG0'],,a,/product/01KKW0AASP7KM4G40HFR49BMG0,,Functional
RQ13,"Given that the customer is interested in a product listed in the home page, when the customer clicks on the product photo, then the product detail page is loaded.",,,,WAoyyfav1c1038597689,WCuwjkyo2c5371757835,[alt='Ear\\ Protection'],,img,,,Functional
RQ13,"Given that the customer is interested in a product listed in the home page, when the customer clicks on the product photo, then the product detail page is loaded.",,,,WAoyyfav1c1038597689,WC1ug7dp12c5818763561,[alt='Ear\\ Protection'],,img,,,Functional
RQ13,"Given that the customer is interested in a product listed in the home page, when the customer clicks on the product photo, then the product detail page is loaded.",,,,WAoyyfav1c1038597689,WC10l90ir2c53734557198,[alt='Ear\\ Protection'],,img,,,Functional
RQ13,"Given that the customer is interested in a product listed in the home page, when the customer clicks on the product photo, then the product detail page is loaded.",,,,WAoyyfav1c1038597689,WCh0k3rk2c41864444598,[alt='Ear\\ Protection'],,img,,,Functional
RQ13,"Given that the customer is interested in a product listed in the home page, when the customer clicks on the product photo, then the product detail page is loaded.",ACwml47n634222724272,WAut6cn293708798163,,WAut6cn293708798163,WC774jlf2c3147784003,[data-test='product-01KKW0AATHVGXTANG52Z2HRYWF'],,a,/product/01KKW0AATHVGXTANG52Z2HRYWF,,Linked
RQ13,"Given that the customer is interested in a product listed in the home page, when the customer clicks on the product photo, then the product detail page is loaded.",,,,WAb5523o1a2132815210,WC1h05cxx2c22067044403,[alt='Tool\\ Cabinet'],,img,,,Functional
RQ13,"Given that the customer is interested in a product listed in the home page, when the customer clicks on the product photo, then the product detail page is loaded.",,,,WAb5523o1a2132815210,WCsyo5mw2c24056505030,[alt='Tool\\ Cabinet'],,img,,,Functional
RQ13,"Given that the customer is interested in a product listed in the home page, when the customer clicks on the product photo, then the product detail page is loaded.",ACadqxmt751224116753,WA14nnype293276566242,,WA14nnype293276566242,WCi63d4d2c13201185200,[data-test='product-01KKW0AASHS1ECS4NNYYAE8SZD'],,a,/product/01KKW0AASHS1ECS4NNYYAE8SZD,,Linked
RQ13,"Given that the customer is interested in a product listed in the home page, when the customer clicks on the product photo, then the product detail page is loaded.",,,,WA14nnype293276566242,WC1rki4ui2c11527188079,[href='\\/product\\/01KKW0AASHS1ECS4NNYYAE8SZD'],,a,/product/01KKW0AASHS1ECS4NNYYAE8SZD,,Functional
RQ13,"Given that the customer is interested in a product listed in the home page, when the customer clicks on the product photo, then the product detail page is loaded.",,,,WA14nnype293276566242,WCr5duhp2c1249573041,[data-test='product-01KKW0AASHS1ECS4NNYYAE8SZD'],,a,/product/01KKW0AASHS1ECS4NNYYAE8SZD,,Functional
RQ13,"Given that the customer is interested in a product listed in the home page, when the customer clicks on the product photo, then the product detail page is loaded.",,,,WA9yy4f91f352848470,WC1hysmq92c03830973697,[alt='Protective\\ Gloves'],,img,,,Functional
RQ13,"Given that the customer is interested in a product listed in the home page, when the customer clicks on the product photo, then the product detail page is loaded.",,,,WA9yy4f91f352848470,WC11ard8p2c01700810340,[alt='Protective\\ Gloves'],,img,,,Functional
RQ13,"Given that the customer is interested in a product listed in the home page, when the customer clicks on the product photo, then the product detail page is loaded.",,,,WA9yy4f91f352848470,WC1o0c6ch2c03651945079,[alt='Protective\\ Gloves'],,img,,,Functional
RQ13,"Given that the customer is interested in a product listed in the home page, when the customer clicks on the product photo, then the product detail page is loaded.",,,,WA9yy4f91f352848470,WC1y4j1ry2c1133230806,[alt='Protective\\ Gloves'],,img,,,Functional
RQ13,"Given that the customer is interested in a product listed in the home page, when the customer clicks on the product photo, then the product detail page is loaded.",ACh0iox972595624527,WAxxsjnn29236801082,,WAxxsjnn29236801082,WC1vgv3we2c11748385822,[data-test='product-01KKW0AAR7F87R3QFPMNRVXPDY'],,a,/product/01KKW0AAR7F87R3QFPMNRVXPDY,,Linked
RQ13,"Given that the customer is interested in a product listed in the home page, when the customer clicks on the product photo, then the product detail page is loaded.",,,,WAxxsjnn29236801082,WCu1nsb92c3346378686,[data-test='product-01KKW0AAR7F87R3QFPMNRVXPDY'],,a,/product/01KKW0AAR7F87R3QFPMNRVXPDY,,Functional
RQ13,"Given that the customer is interested in a product listed in the home page, when the customer clicks on the product photo, then the product detail page is loaded.",,,,WA15isp6r192772262052,WC1129ij32bc4001394932,[alt='Thor\\ Hammer'],,img,,,Functional
RQ13,"Given that the customer is interested in a product listed in the home page, when the customer clicks on the product photo, then the product detail page is loaded.",,,,WA15isp6r192772262052,WChow3ra2ba21437344,[alt='Thor\\ Hammer'],,img,,,Functional
RQ13,"Given that the customer is interested in a product listed in the home page, when the customer clicks on the product photo, then the product detail page is loaded.",,,,WA15isp6r192772262052,WC1uwo24r2bc4105190102,[alt='Thor\\ Hammer'],,img,,,Functional
RQ13,"Given that the customer is interested in a product listed in the home page, when the customer clicks on the product photo, then the product detail page is loaded.",AC1mf9rfl631398904114,WA1726fqm291870724576,,WA1726fqm291870724576,WCwz88i32c2894414742,[data-test='product-01KKW0AAVB7W2YTEQWFXVYRYPA'],,a,/product/01KKW0AAVB7W2YTEQWFXVYRYPA,,Linked
RQ13,"Given that the customer is interested in a product listed in the home page, when the customer clicks on the product photo, then the product detail page is loaded.",,,,WA1726fqm291870724576,WCn9a6v62c22334410433,[data-test='product-01KKW0AAVB7W2YTEQWFXVYRYPA'],,a,/product/01KKW0AAVB7W2YTEQWFXVYRYPA,,Functional
RQ13,"Given that the customer is interested in a product listed in the home page, when the customer clicks on the product photo, then the product detail page is loaded.",,,,WA19tfmm3202557854321,WC1qheb2t2c12452473328,[alt='Cordless\\ Drill\\ 12V'],,img,,,Functional
RQ13,"Given that the customer is interested in a product listed in the home page, when the customer clicks on the product photo, then the product detail page is loaded.",,,,WA19tfmm3202557854321,WC3wc5g82c1328664101,[alt='Cordless\\ Drill\\ 12V'],,img,,,Functional
RQ13,"Given that the customer is interested in a product listed in the home page, when the customer clicks on the product photo, then the product detail page is loaded.",,,,WA19tfmm3202557854321,WC1782qwc2c23445615582,[alt='Cordless\\ Drill\\ 12V'],,img,,,Functional
RQ13,"Given that the customer is interested in a product listed in the home page, when the customer clicks on the product photo, then the product detail page is loaded.",AC947ls0652978886931,WAn51dwn294228970186,,WAn51dwn294228970186,WC13xeynv2c24064424411,[data-test='product-01KKW3R69YQKT83GBDAG6Y2WFM'],,a,/product/01KKW3R69YQKT83GBDAG6Y2WFM,,Linked
RQ13,"Given that the customer is interested in a product listed in the home page, when the customer clicks on the product photo, then the product detail page is loaded.",AC5mtw9h64277475263,WAn51dwn294228970186,,WAn51dwn294228970186,WC13xeynv2c24064424411,[data-test='product-01KKW3R69YQKT83GBDAG6Y2WFM'],,a,/product/01KKW3R69YQKT83GBDAG6Y2WFM,,Linked
RQ13,"Given that the customer is interested in a product listed in the home page, when the customer clicks on the product photo, then the product detail page is loaded.",,,,WAn51dwn294228970186,WChuotxc2c13438531667,[href='\\/product\\/01KKW3R69YQKT83GBDAG6Y2WFM'],,a,/product/01KKW3R69YQKT83GBDAG6Y2WFM,,Functional
RQ13,"Given that the customer is interested in a product listed in the home page, when the customer clicks on the product photo, then the product detail page is loaded.",AC1rzawot632923096682,WA1j3xm6e29470763092,,WA1j3xm6e29470763092,WC8g7a1m2c22425004911,[data-test='product-01KMG96DYMS8WEX6QVYA26JWVY'],,a,/product/01KMG96DYMS8WEX6QVYA26JWVY,,Linked
RQ14,"Given I am viewing a product detail page, when I scroll to the related items section, then I am presented with alternative or complementary product options.",AC1ueel71732989486905,WAmya7f529590988873,,WAmya7f529590988873,WCyslhaj2c13053951135,[href='\\/product\\/01KKW3R6A6M4TNTX4N43C8DZ1F'],,a,/product/01KKW3R6A6M4TNTX4N43C8DZ1F,,Linked
RQ14,"Given I am viewing a product detail page, when I scroll to the related items section, then I am presented with alternative or complementary product options.",,,,WA1q6gtw61e1824535171,WChqdyev2bf772185572,[alt='Long\\ Nose\\ Pliers'],,img,,,Functional
RQ14,"Given I am viewing a product detail page, when I scroll to the related items section, then I am presented with alternative or complementary product options.",,,,WA1q6gtw61e1824535171,WC10ky82w2bf1430061964,[alt='Long\\ Nose\\ Pliers'],,img,,,Functional
RQ14,"Given I am viewing a product detail page, when I scroll to the related items section, then I am presented with alternative or complementary product options.",,,,WA1q6gtw61e1824535171,WC1u5bcw62c12905325608,[alt='Long\\ Nose\\ Pliers'],,img,,,Functional
RQ14,"Given I am viewing a product detail page, when I scroll to the related items section, then I am presented with alternative or complementary product options.",,,,WA1q6gtw61e1824535171,WC1k5dhok2bf2576357347,[alt='Long\\ Nose\\ Pliers'],,img,,,Functional
RQ15,"Given that the user visits the website, when the user hits the ""Special Tools"" menu item, then the special tools page is shown.",AC1r0q86n4f1617210643,WA1xuow6b1c3054557634,,WA1xuow6b1c3054557634,WCz5qgh12a92086354738,[data-test='nav-categories'],Categories,a,#,< 1 unique widgets,Linked
RQ15,"Given that the user visits the website, when the user hits the ""Special Tools"" menu item, then the special tools page is shown.",,,,WA1xuow6b1c3054557634,WCz5qgh12a92086354738,[href='\\#'],Categories,a,#,< 1 unique widgets,Functional
RQ15,"Given that the user visits the website, when the user hits the ""Special Tools"" menu item, then the special tools page is shown.",,,,WA1xuow6b1c3054557634,WCyf2u5p2a92197780029,[data-test='nav-categories'],Categories,a,#,,Functional
RQ15,"Given that the user visits the website, when the user hits the ""Special Tools"" menu item, then the special tools page is shown.",,,,WA1xuow6b1c3054557634,WCchxc5z2a9405430054,[href='\\#'],Categories,a,#,,Functional
RQ15,"Given that the user visits the website, when the user hits the ""Special Tools"" menu item, then the special tools page is shown.",,,,WA1xuow6b1c3054557634,WC12eps7r2a92965021518,[href='\\#'],Categories,a,#,,Functional
RQ15,"Given that the user visits the website, when the user hits the ""Special Tools"" menu item, then the special tools page is shown.",,,,WA1xuow6b1c3054557634,WC6qt6aw2a91984885534,[href='\\#'],Catégories,a,#,,Functional
RQ15,"Given that the user visits the website, when the user hits the ""Special Tools"" menu item, then the special tools page is shown.",,,,WA1xuow6b1c3054557634,WC1ugvkg62a94105575795,[href='\\#'],Kategorien,a,#,,Functional
RQ15,"Given that the user visits the website, when the user hits the ""Special Tools"" menu item, then the special tools page is shown.",,,,WA1xuow6b1c3054557634,WCfhsaoa2a93238102722,[href='\\#'],Categories,a,#,,Functional
RQ15,"Given that the user visits the website, when the user hits the ""Special Tools"" menu item, then the special tools page is shown.",,,,WA1xuow6b1c3054557634,WCeko9pi2a93121245346,[data-test='nav-categories'],Categories,a,#,,Functional
RQ15,"Given that the user visits the website, when the user hits the ""Special Tools"" menu item, then the special tools page is shown.",,,,WA1xuow6b1c3054557634,WC1lyri6k2a92428017068,[href='\\#'],Categories,a,#,,Functional
RQ15,"Given that the user visits the website, when the user hits the ""Special Tools"" menu item, then the special tools page is shown.",,,,WA1xuow6b1c3054557634,WC2c0jsy2a9688057606,[data-test='nav-categories'],Categories,a,#,,Functional
RQ16,"Given that the user visits the website, when the user hits the ""Rentals"" item, then the rental page is shown.",AC1r0q86n4f1617210643,WA1xuow6b1c3054557634,,WA1xuow6b1c3054557634,WCz5qgh12a92086354738,[data-test='nav-categories'],Categories,a,#,< 1 unique widgets,Linked
RQ16,"Given that the user visits the website, when the user hits the ""Rentals"" item, then the rental page is shown.",,,,WA1xuow6b1c3054557634,WCz5qgh12a92086354738,[href='\\#'],Categories,a,#,< 1 unique widgets,Functional
RQ16,"Given that the user visits the website, when the user hits the ""Rentals"" item, then the rental page is shown.",,,,WA1xuow6b1c3054557634,WCyf2u5p2a92197780029,[data-test='nav-categories'],Categories,a,#,,Functional
RQ16,"Given that the user visits the website, when the user hits the ""Rentals"" item, then the rental page is shown.",,,,WA1xuow6b1c3054557634,WCchxc5z2a9405430054,[href='\\#'],Categories,a,#,,Functional
RQ16,"Given that the user visits the website, when the user hits the ""Rentals"" item, then the rental page is shown.",,,,WA1xuow6b1c3054557634,WC12eps7r2a92965021518,[href='\\#'],Categories,a,#,,Functional
RQ16,"Given that the user visits the website, when the user hits the ""Rentals"" item, then the rental page is shown.",,,,WA1xuow6b1c3054557634,WC6qt6aw2a91984885534,[href='\\#'],Catégories,a,#,,Functional
RQ16,"Given that the user visits the website, when the user hits the ""Rentals"" item, then the rental page is shown.",,,,WA1xuow6b1c3054557634,WC1ugvkg62a94105575795,[href='\\#'],Kategorien,a,#,,Functional
RQ16,"Given that the user visits the website, when the user hits the ""Rentals"" item, then the rental page is shown.",,,,WA1xuow6b1c3054557634,WCfhsaoa2a93238102722,[href='\\#'],Categories,a,#,,Functional
RQ16,"Given that the user visits the website, when the user hits the ""Rentals"" item, then the rental page is shown.",,,,WA1xuow6b1c3054557634,WCeko9pi2a93121245346,[data-test='nav-categories'],Categories,a,#,,Functional
RQ16,"Given that the user visits the website, when the user hits the ""Rentals"" item, then the rental page is shown.",,,,WA1xuow6b1c3054557634,WC1lyri6k2a92428017068,[href='\\#'],Categories,a,#,,Functional
RQ16,"Given that the user visits the website, when the user hits the ""Rentals"" item, then the rental page is shown.",,,,WA1xuow6b1c3054557634,WC2c0jsy2a9688057606,[data-test='nav-categories'],Categories,a,#,,Functional
RQ17,"Given that the user visits the website, when the user hits the ""Power Tools"" item, then the Power Tools page is shown.",AC1r0q86n4f1617210643,WA1xuow6b1c3054557634,,WA1xuow6b1c3054557634,WCz5qgh12a92086354738,[data-test='nav-categories'],Categories,a,#,< 1 unique widgets,Linked
RQ17,"Given that the user visits the website, when the user hits the ""Power Tools"" item, then the Power Tools page is shown.",,,,WA1xuow6b1c3054557634,WCz5qgh12a92086354738,[href='\\#'],Categories,a,#,< 1 unique widgets,Functional
RQ17,"Given that the user visits the website, when the user hits the ""Power Tools"" item, then the Power Tools page is shown.",,,,WA1xuow6b1c3054557634,WCyf2u5p2a92197780029,[data-test='nav-categories'],Categories,a,#,,Functional
RQ17,"Given that the user visits the website, when the user hits the ""Power Tools"" item, then the Power Tools page is shown.",,,,WA1xuow6b1c3054557634,WCchxc5z2a9405430054,[href='\\#'],Categories,a,#,,Functional
RQ17,"Given that the user visits the website, when the user hits the ""Power Tools"" item, then the Power Tools page is shown.",,,,WA1xuow6b1c3054557634,WC12eps7r2a92965021518,[href='\\#'],Categories,a,#,,Functional
RQ17,"Given that the user visits the website, when the user hits the ""Power Tools"" item, then the Power Tools page is shown.",,,,WA1xuow6b1c3054557634,WC6qt6aw2a91984885534,[href='\\#'],Catégories,a,#,,Functional
RQ17,"Given that the user visits the website, when the user hits the ""Power Tools"" item, then the Power Tools page is shown.",,,,WA1xuow6b1c3054557634,WC1ugvkg62a94105575795,[href='\\#'],Kategorien,a,#,,Functional
RQ17,"Given that the user visits the website, when the user hits the ""Power Tools"" item, then the Power Tools page is shown.",,,,WA1xuow6b1c3054557634,WCfhsaoa2a93238102722,[href='\\#'],Categories,a,#,,Functional
RQ17,"Given that the user visits the website, when the user hits the ""Power Tools"" item, then the Power Tools page is shown.",,,,WA1xuow6b1c3054557634,WCeko9pi2a93121245346,[data-test='nav-categories'],Categories,a,#,,Functional
RQ17,"Given that the user visits the website, when the user hits the ""Power Tools"" item, then the Power Tools page is shown.",,,,WA1xuow6b1c3054557634,WC1lyri6k2a92428017068,[href='\\#'],Categories,a,#,,Functional
RQ17,"Given that the user visits the website, when the user hits the ""Power Tools"" item, then the Power Tools page is shown.",,,,WA1xuow6b1c3054557634,WC2c0jsy2a9688057606,[data-test='nav-categories'],Categories,a,#,,Functional
RQ18,"Given I am viewing a paginated list of products, when I click on a specific page number, then I am navigated directly to that specific page of results.",AC16lay215a2711191630,WAski2wa113016184242,,WAski2wa113016184242,WC1o42kfc2931501154,[aria-label='Page-4'],4,a,,Only true in relaxed model due to numeric-only widget,Linked
RQ18,"Given I am viewing a paginated list of products, when I click on a specific page number, then I am navigated directly to that specific page of results.",,,,WAski2wa113016184242,WCxxz0cs2931881095415,[aria-label='Page-4'],4,a,,Only true in relaxed model due to numeric-only widget,Functional
RQ18,"Given I am viewing a paginated list of products, when I click on a specific page number, then I am navigated directly to that specific page of results.",,,,WAski2wa113016184242,WC17058gl293226877959,[aria-label='Page-4'],4,a,,Only true in relaxed model due to numeric-only widget,Functional
RQ18,"Given I am viewing a paginated list of products, when I click on a specific page number, then I am navigated directly to that specific page of results.",,,,WAski2wa113016184242,WCcnc9l62933940692741,[aria-label='Page-4'],4,a,,Only true in relaxed model due to numeric-only widget,Functional
RQ18,"Given I am viewing a paginated list of products, when I click on a specific page number, then I am navigated directly to that specific page of results.",,,,WAski2wa113016184242,WCcdh18u2933102370457,[aria-label='Page-4'],4,a,,Only true in relaxed model due to numeric-only widget,Functional
RQ18,"Given I am viewing a paginated list of products, when I click on a specific page number, then I am navigated directly to that specific page of results.",ACpi7f9s4c1974028204,WAqfne17113344939069,,WAqfne17113344939069,WCnd93in2932819217915,[aria-label='Page-3'],3,a,,Only true in relaxed model due to numeric-only widget,Linked
RQ18,"Given I am viewing a paginated list of products, when I click on a specific page number, then I am navigated directly to that specific page of results.",,,,WAqfne17113344939069,WC6wux4z2932881070065,[aria-label='Page-3'],3,a,,Only true in relaxed model due to numeric-only widget,Functional
RQ18,"Given I am viewing a paginated list of products, when I click on a specific page number, then I am navigated directly to that specific page of results.",,,,WAqfne17113344939069,WC18xr2ml2931627164565,[aria-label='Page-3'],3,a,,Only true in relaxed model due to numeric-only widget,Functional
RQ18,"Given I am viewing a paginated list of products, when I click on a specific page number, then I am navigated directly to that specific page of results.",,,,WAqfne17113344939069,WC1hzxaqe293493244773,[aria-label='Page-3'],3,a,,Only true in relaxed model due to numeric-only widget,Functional
RQ18,"Given I am viewing a paginated list of products, when I click on a specific page number, then I am navigated directly to that specific page of results.",,,,WAqfne17113344939069,WCuh8o9x2931095595798,[aria-label='Page-3'],3,a,,Only true in relaxed model due to numeric-only widget,Functional
RQ18,"Given I am viewing a paginated list of products, when I click on a specific page number, then I am navigated directly to that specific page of results.",AC9ms18g4a3915028236,WAoasp64111559950418,,WAoasp64111559950418,WCo039nx2932177977845,[aria-label='Page-2'],2,a,,Only true in relaxed model due to numeric-only widget,Linked
RQ18,"Given I am viewing a paginated list of products, when I click on a specific page number, then I am navigated directly to that specific page of results.",,,,WAoasp64111559950418,WCtdo76n2932694298092,[aria-label='Page-2'],2,a,,Only true in relaxed model due to numeric-only widget,Functional
RQ18,"Given I am viewing a paginated list of products, when I click on a specific page number, then I am navigated directly to that specific page of results.",,,,WAoasp64111559950418,WC2flajz2931227103131,[aria-label='Page-2'],2,a,,Only true in relaxed model due to numeric-only widget,Functional
RQ18,"Given I am viewing a paginated list of products, when I click on a specific page number, then I am navigated directly to that specific page of results.",,,,WAoasp64111559950418,WCx29hrq2934232811269,[aria-label='Page-2'],2,a,,Only true in relaxed model due to numeric-only widget,Functional
RQ18,"Given I am viewing a paginated list of products, when I click on a specific page number, then I am navigated directly to that specific page of results.",,,,WAoasp64111559950418,WC1gy1ybl2931248029963,[aria-label='Page-2'],2,a,,Only true in relaxed model due to numeric-only widget,Functional
RQ18,"Given I am viewing a paginated list of products, when I click on a specific page number, then I am navigated directly to that specific page of results.",ACkxsvkt4b516150124,WAm5y0b111727983778,,WAm5y0b111727983778,WC13w1tji2932042491968,[aria-label='Page-1'],1,a,,Only true in relaxed model due to numeric-only widget,Linked
RQ18,"Given I am viewing a paginated list of products, when I click on a specific page number, then I am navigated directly to that specific page of results.",,,,WAm5y0b111727983778,WC1kuxnoa2933521341919,[aria-label='Page-1'],1,a,,Only true in relaxed model due to numeric-only widget,Functional
RQ18,"Given I am viewing a paginated list of products, when I click on a specific page number, then I am navigated directly to that specific page of results.",,,,WAm5y0b111727983778,WCibjufk2932974327342,[aria-label='Page-1'],1,a,,Only true in relaxed model due to numeric-only widget,Functional
RQ18,"Given I am viewing a paginated list of products, when I click on a specific page number, then I am navigated directly to that specific page of results.",,,,WAm5y0b111727983778,WC1cy81nb29369675696,[aria-label='Page-1'],1,a,,Only true in relaxed model due to numeric-only widget,Functional
RQ18,"Given I am viewing a paginated list of products, when I click on a specific page number, then I am navigated directly to that specific page of results.",,,,WAm5y0b111727983778,WC9e7cu4293991411512,[aria-label='Page-1'],1,a,,Only true in relaxed model due to numeric-only widget,Functional
RQ19,"Given I am on a paginated list of products past the first page, when I click the previous page button, then I am taken back to the preceding page of products.",AC1wr8te24e820228054,WA1mttbt5133429021924,,WA1mttbt5133429021924,WC1wfl2pd2933021316306,[aria-label='Previous'],,a,,,Linked
RQ19,"Given I am on a paginated list of products past the first page, when I click the previous page button, then I am taken back to the preceding page of products.",ACbrwh7j4e4141690586,WA1mttbt5133429021924,,WA1mttbt5133429021924,WC1av33lf2932095118012,[aria-label='Previous'],,a,,,Linked
RQ19,"Given I am on a paginated list of products past the first page, when I click the previous page button, then I am taken back to the preceding page of products.",AC1vkm10f4d3252439695,WA1mttbt5133429021924,,WA1mttbt5133429021924,WC1av33lf2932095118012,[aria-label='Previous'],,a,,,Linked
RQ19,"Given I am on a paginated list of products past the first page, when I click the previous page button, then I am taken back to the preceding page of products.",,,,WA1mttbt5133429021924,WCov0xq5293739774402,[aria-label='Previous'],,a,,,Functional
RQ19,"Given I am on a paginated list of products past the first page, when I click the previous page button, then I am taken back to the preceding page of products.",,,,WA1mttbt5133429021924,WC6gn8u22933381624354,[aria-label='Previous'],,a,,,Functional
RQ19,"Given I am on a paginated list of products past the first page, when I click the previous page button, then I am taken back to the preceding page of products.",,,,WA1mttbt5133429021924,WC1cfeov32933337411365,[aria-label='Previous'],,a,,,Functional
RQ20," Given I am viewing a paginated list of products, when I click the next page button, then I am taken forward to the subsequent page of products.",AC3t87s4b2361239246,WA1h9o5u5f2863946004,,WA1h9o5u5f2863946004,WC1xnyitu28f2085812583,[aria-label='Next'],,a,,,Linked
RQ20," Given I am viewing a paginated list of products, when I click the next page button, then I am taken forward to the subsequent page of products.",,,,WA1h9o5u5f2863946004,WC1qbczya28f546301671,[aria-label='Next'],,a,,,Functional
RQ20," Given I am viewing a paginated list of products, when I click the next page button, then I am taken forward to the subsequent page of products.",,,,WA1h9o5u5f2863946004,WC1fnmnbl28f4113536424,[aria-label='Next'],,a,,,Functional
RQ20," Given I am viewing a paginated list of products, when I click the next page button, then I am taken forward to the subsequent page of products.",,,,WA1h9o5u5f2863946004,WCk7cfyo28f3030888201,[aria-label='Next'],,a,,,Functional
RQ20," Given I am viewing a paginated list of products, when I click the next page button, then I am taken forward to the subsequent page of products.",,,,WA1h9o5u5f2863946004,WC1p5x9xi28f1353155941,[aria-label='Next'],,a,,,Functional
RQ20," Given I am viewing a paginated list of products, when I click the next page button, then I am taken forward to the subsequent page of products.",,,,WA1h9o5u5f2863946004,WC11ljisk28f3126022530,[aria-label='Next'],,a,,,Functional
RQ20," Given I am viewing a paginated list of products, when I click the next page button, then I am taken forward to the subsequent page of products.",,,,WA1h9o5u5f2863946004,WC1da123d28f1519785472,[aria-label='Next'],,a,,,Functional
RQ21,"Given that the user enters the incorrect credentials on the login page, when the user hits the ""login"" button, then the user is not logged in to the webpage.",AC1ruje084e216188012,WA1naow37153960956302,,WA1naow37153960956302,WC1n8b16329b3318047697,[data-test='nav-sign-in'],Sign in,a,/auth/login,,Linked
RQ22," Given that the user enters the correct credentials on the login page, when the user hits the ""login"" button, then the user is logged in to the webpage.",AC1ruje084e216188012,WA1naow37153960956302,,WA1naow37153960956302,WC1n8b16329b3318047697,[data-test='nav-sign-in'],Sign in,a,/auth/login,,Linked
RQ22," Given that the user enters the correct credentials on the login page, when the user hits the ""login"" button, then the user is logged in to the webpage.",,,,WA1naow37153960956302,WC12l24ir29b4237452944,[data-test='nav-sign-in'],Sign in,a,/auth/login,,Functional
RQ22," Given that the user enters the correct credentials on the login page, when the user hits the ""login"" button, then the user is logged in to the webpage.",,,,WA1naow37153960956302,WC1yqhscb29b4290454498,[data-test='nav-sign-in'],Sign in,a,/auth/login,,Functional
RQ22," Given that the user enters the correct credentials on the login page, when the user hits the ""login"" button, then the user is logged in to the webpage.",,,,WA1naow37153960956302,WCwmaoaj29b144186959,[data-test='nav-sign-in'],Sign in,a,/auth/login,,Functional
RQ22," Given that the user enters the correct credentials on the login page, when the user hits the ""login"" button, then the user is logged in to the webpage.",,,,WA1naow37153960956302,WC1brnuln2a6898259158,[data-test='nav-sign-in'],Se connecter,a,/auth/login,,Functional
RQ22," Given that the user enters the correct credentials on the login page, when the user hits the ""login"" button, then the user is logged in to the webpage.",,,,WA1naow37153960956302,WC102amf29f658842116,[data-test='nav-sign-in'],Einloggen,a,/auth/login,,Functional
RQ22," Given that the user enters the correct credentials on the login page, when the user hits the ""login"" button, then the user is logged in to the webpage.",,,,WA1naow37153960956302,WChlbea729b3556145141,[data-test='nav-sign-in'],Sign in,a,/auth/login,,Functional
RQ22," Given that the user enters the correct credentials on the login page, when the user hits the ""login"" button, then the user is logged in to the webpage.",AC1486dum5f1136963700,WA1so03e3a762194269,,WA1so03e3a762194269,WCqfi9h02db1101758980,#email,,input,,,Linked
RQ22," Given that the user enters the correct credentials on the login page, when the user hits the ""login"" button, then the user is logged in to the webpage.",,,,WA1so03e3a762194269,WC2bvro92e11929739078,#email,,input,,,Functional
RQ22," Given that the user enters the correct credentials on the login page, when the user hits the ""login"" button, then the user is logged in to the webpage.",ACycrxyj5b2749293554,WAhazb8p162171361831,,WAhazb8p162171361831,WCots59x2be127195149,#password,,input,,,Linked
RQ22," Given that the user enters the correct credentials on the login page, when the user hits the ""login"" button, then the user is logged in to the webpage.",AC1s7z8df4e57253014,WA1lb7e6153572766137,,WA1lb7e6153572766137,WCgmngxg29e1024681473,.btnSubmit,,input, ,,Linked
RQ23,"Given I am browsing the website, when I select Dutch from the language settings, then the website interface and content translate to Dutch.",ACruruxc4b2103797032,WAhflr0y281175496594,,WAhflr0y281175496594,WC123aqo62b91481319928,#language,EN,button,,,Linked
RQ23,"Given I am browsing the website, when I select Dutch from the language settings, then the website interface and content translate to Dutch.",AC1ywekwh4b4131968914,WAhflr0y281175496594,,WAhflr0y281175496594,WCela2wb2b9620251320,#language,,button,,,Orphan-Action
RQ23,"Given I am browsing the website, when I select Dutch from the language settings, then the website interface and content translate to Dutch.",AC9o7s6w4e1475779798,WAhflr0y281175496594,,WAhflr0y281175496594,WC177p2tc2b91667659474,#language,,button,,,Orphan-Action
RQ23,"Given I am browsing the website, when I select Dutch from the language settings, then the website interface and content translate to Dutch.",ACuk26nc4c901920760,WAhflr0y281175496594,,WAhflr0y281175496594,WCi98y6m2b92280424501,#language,,button,,,Orphan-Action
RQ23,"Given I am browsing the website, when I select Dutch from the language settings, then the website interface and content translate to Dutch.",AC1lkkk534e887563852,WAhflr0y281175496594,,WAhflr0y281175496594,WC1nz6yoh2b94120953925,#language,FR,button,,,Linked
RQ23,"Given I am browsing the website, when I select Dutch from the language settings, then the website interface and content translate to Dutch.",AC5pyffj4e3517529822,WAhflr0y281175496594,,WAhflr0y281175496594,WC1aj9sxy2b92336843842,#language,,button,,,Orphan-Action
RQ23,"Given I am browsing the website, when I select Dutch from the language settings, then the website interface and content translate to Dutch.",,,,WAhflr0y281175496594,WC2rg87d2b9185508946,#language,EN,button,,,Functional
RQ23,"Given I am browsing the website, when I select Dutch from the language settings, then the website interface and content translate to Dutch.",,,,WAhflr0y281175496594,WCb4zxhl2b92296277320,#language,EN,button,,,Functional
RQ23,"Given I am browsing the website, when I select Dutch from the language settings, then the website interface and content translate to Dutch.",,,,WAhflr0y281175496594,WC145258p2b928712650,#language,EN,button,,,Functional
RQ23,"Given I am browsing the website, when I select Dutch from the language settings, then the website interface and content translate to Dutch.",ACcdzd9x484263164235,WA1svda89f177301861,,WA1svda89f177301861,WC1twuyfh28f2370192219,[data-test='lang-nl'],,a,,,Orphan-Action
RQ23,"Given I am browsing the website, when I select Dutch from the language settings, then the website interface and content translate to Dutch.",AC130oh3p463582167766,WA1svda89f177301861,,WA1svda89f177301861,WC1p9y32k28f915557704,[data-test='lang-nl'],NL,a,,,Linked
RQ23,"Given I am browsing the website, when I select Dutch from the language settings, then the website interface and content translate to Dutch.",ACpfz9ox484193864109,WA1svda89f177301861,,WA1svda89f177301861,WC1p9y32k28f915557704,[data-test='lang-nl'],NL,a,,,Linked
RQ23,"Given I am browsing the website, when I select Dutch from the language settings, then the website interface and content translate to Dutch.",,,,WA1svda89f177301861,WCfmcvk92873677932811,[data-test='lang-nl'],NL,a,,,Functional
RQ24,"Given I am browsing the website, when I select Spanish from the language settings, then the website interface and content translate to Spanish.",AC14czdef49804160841,WA1svda89f177301861,,WA1svda89f177301861,WC1jot4xi28f1176010781,[data-test='lang-es'],,a,,,Orphan-Action
RQ24,"Given I am browsing the website, when I select Spanish from the language settings, then the website interface and content translate to Spanish.",,,,WA1svda89f177301861,WC1obq0af28f794068460,[data-test='lang-es'],ES,a,,,Functional
RQ24,"Given I am browsing the website, when I select Spanish from the language settings, then the website interface and content translate to Spanish.",,,,WA1svda89f177301861,WCy94tdz2871352928290,[data-test='lang-es'],ES,a,,,Functional
RQ24,"Given I am browsing the website, when I select Spanish from the language settings, then the website interface and content translate to Spanish.",ACruruxc4b2103797032,WAhflr0y281175496594,,WAhflr0y281175496594,WC123aqo62b91481319928,#language,EN,button,,,Linked
RQ24,"Given I am browsing the website, when I select Spanish from the language settings, then the website interface and content translate to Spanish.",AC1ywekwh4b4131968914,WAhflr0y281175496594,,WAhflr0y281175496594,WCela2wb2b9620251320,#language,,button,,,Orphan-Action
RQ24,"Given I am browsing the website, when I select Spanish from the language settings, then the website interface and content translate to Spanish.",AC9o7s6w4e1475779798,WAhflr0y281175496594,,WAhflr0y281175496594,WC177p2tc2b91667659474,#language,,button,,,Orphan-Action
RQ24,"Given I am browsing the website, when I select Spanish from the language settings, then the website interface and content translate to Spanish.",ACuk26nc4c901920760,WAhflr0y281175496594,,WAhflr0y281175496594,WCi98y6m2b92280424501,#language,,button,,,Orphan-Action
RQ24,"Given I am browsing the website, when I select Spanish from the language settings, then the website interface and content translate to Spanish.",AC5pyffj4e3517529822,WAhflr0y281175496594,,WAhflr0y281175496594,WC1aj9sxy2b92336843842,#language,,button,,,Orphan-Action
RQ24,"Given I am browsing the website, when I select Spanish from the language settings, then the website interface and content translate to Spanish.",AC1lkkk534e887563852,WAhflr0y281175496594,,WAhflr0y281175496594,WC1nz6yoh2b94120953925,#language,FR,button,,,Linked
RQ24,"Given I am browsing the website, when I select Spanish from the language settings, then the website interface and content translate to Spanish.",,,,WAhflr0y281175496594,WC2rg87d2b9185508946,#language,EN,button,,,Functional
RQ24,"Given I am browsing the website, when I select Spanish from the language settings, then the website interface and content translate to Spanish.",,,,WAhflr0y281175496594,WCb4zxhl2b92296277320,#language,EN,button,,,Functional
RQ24,"Given I am browsing the website, when I select Spanish from the language settings, then the website interface and content translate to Spanish.",,,,WAhflr0y281175496594,WC145258p2b928712650,#language,EN,button,,,Functional
RQ25,"Given I am browsing the website, when I select German from the language settings, then the website interface and content translate to German.",AC1u1s15w46728523058,WA1svda89f177301861,,WA1svda89f177301861,WC9tdn0s28f2525538248,[data-test='lang-de'],DE,a,,,Linked
RQ25,"Given I am browsing the website, when I select German from the language settings, then the website interface and content translate to German.",AC1gh2tr448118923849,WA1svda89f177301861,,WA1svda89f177301861,WC9tdn0s28f2525538248,[data-test='lang-de'],DE,a,,,Linked
RQ25,"Given I am browsing the website, when I select German from the language settings, then the website interface and content translate to German.",AC1mhrj7l463815315403,WA1svda89f177301861,,WA1svda89f177301861,WCnq493j28f2173023164,[data-test='lang-de'],,a,,,Orphan-Action
RQ25,"Given I am browsing the website, when I select German from the language settings, then the website interface and content translate to German.",ACpy19iu463653665027,WA1svda89f177301861,,WA1svda89f177301861,WCegaidp28f761047515,[data-test='lang-de'],,a,,,Orphan-Action
RQ25,"Given I am browsing the website, when I select German from the language settings, then the website interface and content translate to German.",,,,WA1svda89f177301861,WCfg0qsl2874193978680,[data-test='lang-de'],DE,a,,,Functional
RQ25,"Given I am browsing the website, when I select German from the language settings, then the website interface and content translate to German.",ACruruxc4b2103797032,WAhflr0y281175496594,,WAhflr0y281175496594,WC123aqo62b91481319928,#language,EN,button,,,Linked
RQ25,"Given I am browsing the website, when I select German from the language settings, then the website interface and content translate to German.",ACuk26nc4c901920760,WAhflr0y281175496594,,WAhflr0y281175496594,WCi98y6m2b92280424501,#language,,button,,,Orphan-Action
RQ25,"Given I am browsing the website, when I select German from the language settings, then the website interface and content translate to German.",AC1ywekwh4b4131968914,WAhflr0y281175496594,,WAhflr0y281175496594,WCela2wb2b9620251320,#language,,button,,,Orphan-Action
RQ25,"Given I am browsing the website, when I select German from the language settings, then the website interface and content translate to German.",AC5pyffj4e3517529822,WAhflr0y281175496594,,WAhflr0y281175496594,WC1aj9sxy2b92336843842,#language,,button,,,Orphan-Action
RQ25,"Given I am browsing the website, when I select German from the language settings, then the website interface and content translate to German.",AC1lkkk534e887563852,WAhflr0y281175496594,,WAhflr0y281175496594,WC1nz6yoh2b94120953925,#language,FR,button,,,Linked
RQ25,"Given I am browsing the website, when I select German from the language settings, then the website interface and content translate to German.",AC9o7s6w4e1475779798,WAhflr0y281175496594,,WAhflr0y281175496594,WC177p2tc2b91667659474,#language,,button,,,Orphan-Action
RQ25,"Given I am browsing the website, when I select German from the language settings, then the website interface and content translate to German.",,,,WAhflr0y281175496594,WC2rg87d2b9185508946,#language,EN,button,,,Functional
RQ25,"Given I am browsing the website, when I select German from the language settings, then the website interface and content translate to German.",,,,WAhflr0y281175496594,WCb4zxhl2b92296277320,#language,EN,button,,,Functional
RQ25,"Given I am browsing the website, when I select German from the language settings, then the website interface and content translate to German.",,,,WAhflr0y281175496594,WC145258p2b928712650,#language,EN,button,,,Functional
RQ26,"Given I am browsing the website, when I select Turkish from the language settings, then the website interface and content translate to Turkish.",ACuk26nc4c901920760,WAhflr0y281175496594,,WAhflr0y281175496594,WCi98y6m2b92280424501,#language,,button,,,Orphan-Action
RQ26,"Given I am browsing the website, when I select Turkish from the language settings, then the website interface and content translate to Turkish.",ACruruxc4b2103797032,WAhflr0y281175496594,,WAhflr0y281175496594,WC123aqo62b91481319928,#language,EN,button,,,Linked
RQ26,"Given I am browsing the website, when I select Turkish from the language settings, then the website interface and content translate to Turkish.",AC1ywekwh4b4131968914,WAhflr0y281175496594,,WAhflr0y281175496594,WCela2wb2b9620251320,#language,,button,,,Orphan-Action
RQ26,"Given I am browsing the website, when I select Turkish from the language settings, then the website interface and content translate to Turkish.",AC9o7s6w4e1475779798,WAhflr0y281175496594,,WAhflr0y281175496594,WC177p2tc2b91667659474,#language,,button,,,Orphan-Action
RQ26,"Given I am browsing the website, when I select Turkish from the language settings, then the website interface and content translate to Turkish.",AC5pyffj4e3517529822,WAhflr0y281175496594,,WAhflr0y281175496594,WC1aj9sxy2b92336843842,#language,,button,,,Orphan-Action
RQ26,"Given I am browsing the website, when I select Turkish from the language settings, then the website interface and content translate to Turkish.",AC1lkkk534e887563852,WAhflr0y281175496594,,WAhflr0y281175496594,WC1nz6yoh2b94120953925,#language,FR,button,,,Linked
RQ26,"Given I am browsing the website, when I select Turkish from the language settings, then the website interface and content translate to Turkish.",,,,WAhflr0y281175496594,WC2rg87d2b9185508946,#language,EN,button,,,Functional
RQ26,"Given I am browsing the website, when I select Turkish from the language settings, then the website interface and content translate to Turkish.",,,,WAhflr0y281175496594,WCb4zxhl2b92296277320,#language,EN,button,,,Functional
RQ26,"Given I am browsing the website, when I select Turkish from the language settings, then the website interface and content translate to Turkish.",,,,WAhflr0y281175496594,WC145258p2b928712650,#language,EN,button,,,Functional
RQ26,"Given I am browsing the website, when I select Turkish from the language settings, then the website interface and content translate to Turkish.",ACmibmvi461943067242,WA1svda89f177301861,,WA1svda89f177301861,WCxnt1ix28f878517773,[data-test='lang-tr'],,a,,,Orphan-Action
RQ26,"Given I am browsing the website, when I select Turkish from the language settings, then the website interface and content translate to Turkish.",AC1qsx5q0473846697286,WA1svda89f177301861,,WA1svda89f177301861,WCt0w66028f1561402364,[data-test='lang-tr'],,a,,,Orphan-Action
RQ26,"Given I am browsing the website, when I select Turkish from the language settings, then the website interface and content translate to Turkish.",AC1j94oku462184250294,WA1svda89f177301861,,WA1svda89f177301861,WCodzat328f3871675887,[data-test='lang-tr'],TR,a,,,Linked
RQ26,"Given I am browsing the website, when I select Turkish from the language settings, then the website interface and content translate to Turkish.",,,,WA1svda89f177301861,WC1nc5cju2871110998604,[data-test='lang-tr'],TR,a,,,Functional
RQ27,"Given I am browsing the website, when I select French from the language settings, then the website interface and content translate to French.",ACruruxc4b2103797032,WAhflr0y281175496594,,WAhflr0y281175496594,WC123aqo62b91481319928,#language,EN,button,,,Linked
RQ27,"Given I am browsing the website, when I select French from the language settings, then the website interface and content translate to French.",AC1ywekwh4b4131968914,WAhflr0y281175496594,,WAhflr0y281175496594,WCela2wb2b9620251320,#language,,button,,,Orphan-Action
RQ27,"Given I am browsing the website, when I select French from the language settings, then the website interface and content translate to French.",AC9o7s6w4e1475779798,WAhflr0y281175496594,,WAhflr0y281175496594,WC177p2tc2b91667659474,#language,,button,,,Orphan-Action
RQ27,"Given I am browsing the website, when I select French from the language settings, then the website interface and content translate to French.",ACuk26nc4c901920760,WAhflr0y281175496594,,WAhflr0y281175496594,WCi98y6m2b92280424501,#language,,button,,,Orphan-Action
RQ27,"Given I am browsing the website, when I select French from the language settings, then the website interface and content translate to French.",AC5pyffj4e3517529822,WAhflr0y281175496594,,WAhflr0y281175496594,WC1aj9sxy2b92336843842,#language,,button,,,Orphan-Action
RQ27,"Given I am browsing the website, when I select French from the language settings, then the website interface and content translate to French.",AC1lkkk534e887563852,WAhflr0y281175496594,,WAhflr0y281175496594,WC1nz6yoh2b94120953925,#language,FR,button,,,Linked
RQ27,"Given I am browsing the website, when I select French from the language settings, then the website interface and content translate to French.",,,,WAhflr0y281175496594,WC2rg87d2b9185508946,#language,EN,button,,,Functional
RQ27,"Given I am browsing the website, when I select French from the language settings, then the website interface and content translate to French.",,,,WAhflr0y281175496594,WCb4zxhl2b92296277320,#language,EN,button,,,Functional
RQ27,"Given I am browsing the website, when I select French from the language settings, then the website interface and content translate to French.",,,,WAhflr0y281175496594,WC145258p2b928712650,#language,EN,button,,,Functional
RQ27,"Given I am browsing the website, when I select French from the language settings, then the website interface and content translate to French.",AC1toapmj463802590722,WA1svda89f177301861,,WA1svda89f177301861,WCnvgcvg28f1382178782,[data-test='lang-fr'],FR,a,,,Linked
RQ27,"Given I am browsing the website, when I select French from the language settings, then the website interface and content translate to French.",,,,WA1svda89f177301861,WC1n06weg2873379948469,[data-test='lang-fr'],FR,a,,,Functional
RQ28,"Given I am browsing the website, when I select English from the language settings, then the website interface and content translate to English.",AC1ywekwh4b4131968914,WAhflr0y281175496594,,WAhflr0y281175496594,WCela2wb2b9620251320,#language,,button,,,Orphan-Action
RQ28,"Given I am browsing the website, when I select English from the language settings, then the website interface and content translate to English.",AC9o7s6w4e1475779798,WAhflr0y281175496594,,WAhflr0y281175496594,WC177p2tc2b91667659474,#language,,button,,,Orphan-Action
RQ28,"Given I am browsing the website, when I select English from the language settings, then the website interface and content translate to English.",ACuk26nc4c901920760,WAhflr0y281175496594,,WAhflr0y281175496594,WCi98y6m2b92280424501,#language,,button,,,Orphan-Action
RQ28,"Given I am browsing the website, when I select English from the language settings, then the website interface and content translate to English.",AC5pyffj4e3517529822,WAhflr0y281175496594,,WAhflr0y281175496594,WC1aj9sxy2b92336843842,#language,,button,,,Orphan-Action
RQ28,"Given I am browsing the website, when I select English from the language settings, then the website interface and content translate to English.",AC1lkkk534e887563852,WAhflr0y281175496594,,WAhflr0y281175496594,WC1nz6yoh2b94120953925,#language,FR,button,,,Linked
RQ28,"Given I am browsing the website, when I select English from the language settings, then the website interface and content translate to English.",ACruruxc4b2103797032,WAhflr0y281175496594,,WAhflr0y281175496594,WC123aqo62b91481319928,#language,EN,button,,,Linked
RQ28,"Given I am browsing the website, when I select English from the language settings, then the website interface and content translate to English.",,,,WAhflr0y281175496594,WC2rg87d2b9185508946,#language,EN,button,,,Functional
RQ28,"Given I am browsing the website, when I select English from the language settings, then the website interface and content translate to English.",,,,WAhflr0y281175496594,WCb4zxhl2b92296277320,#language,EN,button,,,Functional
RQ28,"Given I am browsing the website, when I select English from the language settings, then the website interface and content translate to English.",,,,WAhflr0y281175496594,WC145258p2b928712650,#language,EN,button,,,Functional
RQ28,"Given I am browsing the website, when I select English from the language settings, then the website interface and content translate to English.",AC1cevvhf461716614899,WA1svda89f177301861,,WA1svda89f177301861,WCh5jr8v28f2613322037,[data-test='lang-en'],,a,,,Orphan-Action
RQ28,"Given I am browsing the website, when I select English from the language settings, then the website interface and content translate to English.",,,,WA1svda89f177301861,WC10zdjfq2873490840418,[data-test='lang-en'],EN,a,,,Functional
RQ28,"Given I am browsing the website, when I select English from the language settings, then the website interface and content translate to English.",,,,WA1svda89f177301861,WC38t56428f2361996609,[data-test='lang-en'],EN,a,,,Functional
RQ29,"Given that the user visits the website, when the user hits the contact us, then the contact form is shown.",AC1bpzxlh4b200682819,WAa26yrz122371927312,,WAa26yrz122371927312,WC1jlncp32982665426402,[data-test='nav-contact'],Contact,a,/contact,,Linked
RQ29,"Given that the user visits the website, when the user hits the contact us, then the contact form is shown.",,,,WAa26yrz122371927312,WC8mc7hm2981824096303,[data-test='nav-contact'],Contact,a,/contact,,Functional
RQ29,"Given that the user visits the website, when the user hits the contact us, then the contact form is shown.",,,,WAa26yrz122371927312,WCas92nx298387057714,[data-test='nav-contact'],Contact,a,/contact,,Functional
RQ29,"Given that the user visits the website, when the user hits the contact us, then the contact form is shown.",,,,WAa26yrz122371927312,WC17p60l92983761321375,[data-test='nav-contact'],Contact,a,/contact,,Functional
RQ29,"Given that the user visits the website, when the user hits the contact us, then the contact form is shown.",,,,WAa26yrz122371927312,WCapxmpa298732927211,[data-test='nav-contact'],Contact,a,/contact,,Functional
RQ29,"Given that the user visits the website, when the user hits the contact us, then the contact form is shown.",,,,WAa26yrz122371927312,WC18pd6dt298632600752,[data-test='nav-contact'],Kontakt,a,/contact,,Functional
RQ29,"Given that the user visits the website, when the user hits the contact us, then the contact form is shown.",,,,WAa26yrz122371927312,WCo75pqk2983468963154,[data-test='nav-contact'],Contact,a,/contact,,Functional
RQ29,"Given that the user visits the website, when the user hits the contact us, then the contact form is shown.",,,,WAa26yrz122371927312,WC3jpb742981313649600,[data-test='nav-contact'],Contact,a,/contact,,Functional
RQ29,"Given that the user visits the website, when the user hits the contact us, then the contact form is shown.",,,,WAa26yrz122371927312,WC1s62gg92982863584558,[data-test='nav-contact'],Contact,a,/contact,,Functional
RQ29,"Given that the user visits the website, when the user hits the contact us, then the contact form is shown.",,,,WAa26yrz122371927312,WC1h2bwju2982456817464,[data-test='nav-contact'],Contact,a,/contact,,Functional
RQ30,"Given that the user fills the fields of contact form, when the user hits the send button, then the form detail is shared with the customer service.",AC1ub475e4c2206919153,WAdbtthof4051651950,,WAdbtthof4051651950,WCmeu2my29e2582150263,.btnSubmit,,input,,,Linked
RQ30,"Given that the user fills the fields of contact form, when the user hits the send button, then the form detail is shared with the customer service.",AC1o2702k4c4025068198,WAdbtthof4051651950,,WAdbtthof4051651950,WCmeu2my29e2582150263,.btnSubmit,,input,,,Linked
RQ30,"Given that the user fills the fields of contact form, when the user hits the send button, then the form detail is shared with the customer service.",,,,WAdbtthof4051651950,WC1y9hs4r29e2817698863,.btnSubmit,,input,,,Functional
RQ30,"Given that the user fills the fields of contact form, when the user hits the send button, then the form detail is shared with the customer service.",,,,WAdbtthof4051651950,WCdbas0029e4294745219,.btnSubmit,,input,,,Functional
RQ30,"Given that the user fills the fields of contact form, when the user hits the send button, then the form detail is shared with the customer service.",,,,WAdbtthof4051651950,WC1nxe41229e2494179002,.btnSubmit,,input,,,Functional
RQ30,"Given that the user fills the fields of contact form, when the user hits the send button, then the form detail is shared with the customer service.",,,,WAdbtthof4051651950,WC13u5rpk29d3588395417,.btnSubmit,,input,,,Functional
RQ30,"Given that the user fills the fields of contact form, when the user hits the send button, then the form detail is shared with the customer service.",AC1fqmjkc641226313598,WAj06q1g4b1389048148,,WAj06q1g4b1389048148,WC1su31xt2f62592053689,#first_name,,input,,,Linked
RQ30,"Given that the user fills the fields of contact form, when the user hits the send button, then the form detail is shared with the customer service.",ACsnowb55f1211853276,WAfntn0a4a112507141,,WAfntn0a4a112507141,WC5wrda12f34237126570,#last_name,,input,,,Linked
RQ30,"Given that the user fills the fields of contact form, when the user hits the send button, then the form detail is shared with the customer service.",AC820zt35e1951866466,WAuzwxj646403048167,,WAuzwxj646403048167,WC16ft8692ed1938582302,#email,,input,,,Linked
RQ30,"Given that the user fills the fields of contact form, when the user hits the send button, then the form detail is shared with the customer service.",ACh48ebo772333672510,WA6t5bg7472485820833,,WA6t5bg7472485820833,WCa0lm4y2dc4109048152,#subject,,select,,,Linked
RQ30,"Given that the user fills the fields of contact form, when the user hits the send button, then the form detail is shared with the customer service.",AC1stgdfs5c2445684786,WA1xnnwkt481543605776,,WA1xnnwkt481543605776,WC1uvh2yf2e42013144915,#message,,textarea,,,Linked
